,Date,Open,High,Low,Close,Adj Close,Volume,sentiment_score,MA7,MA20,MACD,20SD,upper_band,lower_band,EMA,logmomentum
2021-10-28,2021-10-28,149.82000732421875,153.1699981689453,149.72000122070312,152.57000732421875,151.46856689453125,100077900,0.025634482758620684,149.5442875453404,145.35199890136718,-0.7289233691252832,3.8150089110832734,152.98201672353372,137.72198107920065,151.35992556921988,5.021047612765916
2021-10-29,2021-10-29,147.22000122070312,149.94000244140625,146.41000366210938,149.8000030517578,148.71856689453125,124953200,0.2058033333333333,149.6214316231864,145.70949935913086,-0.4138087893320801,3.8828865088441007,153.47527237681905,137.94372634144267,150.31997722421204,5.002603142908116
2021-11-01,2021-11-01,148.99000549316406,149.6999969482422,147.8000030517578,148.9600067138672,147.8846435546875,74588300,0.2509888888888889,149.5471474783761,146.20049972534179,-0.48103893947470056,3.620447676538356,153.4413950784185,138.95960437226506,149.41333021730583,4.996942012340484
2021-11-02,2021-11-02,148.66000366210938,151.57000732421875,148.64999389648438,150.02000427246094,148.93698120117188,69122000,0.23736923076923075,149.73714773995536,146.64599990844727,-0.38504535723785693,3.5075198290717253,153.66103956659072,139.63096025030381,149.81777958741066,5.004080553795967
2021-11-03,2021-11-03,150.38999938964844,151.97000122070312,149.82000732421875,151.49000549316406,150.3963623046875,54511500,0.0363,150.144291469029,147.12050018310546,-0.4291164298002741,3.4877777302562505,154.09605564361797,140.14494472259295,150.93259685791423,5.013896673300481
2021-11-04,2021-11-04,151.5800018310547,152.42999267578125,150.63999938964844,150.9600067138672,149.8701934814453,60394600,0.0980727272727273,150.37857709612166,147.50400085449218,-0.6752652832922763,3.4660370851015316,154.43607502469524,140.5719266842891,150.9508700952162,5.010368636638764
2021-11-05,2021-11-05,151.88999938964844,152.1999969482422,150.05999755859375,151.27999877929688,150.40707397460938,65463900,0.10932222222222222,150.72571890694755,147.92300109863282,-0.8884237677395959,3.3857666829618123,154.69453446455645,141.1514677327092,151.17028921793667,5.01250021258291
2021-11-08,2021-11-08,151.41000366210938,151.57000732421875,150.16000366210938,150.44000244140625,149.57191467285156,55020900,0.3136,150.4214324951172,148.30450134277345,-1.0490470162673944,3.204327225808668,154.7131557943908,141.8958468911561,150.68343136691638,5.006894990817566
2021-11-09,2021-11-09,150.1999969482422,151.42999267578125,150.05999755859375,150.80999755859375,149.93978881835938,56787900,0.178915,150.56571742466517,148.76950149536134,-0.9572560039704285,2.8179334695451104,154.40536843445156,143.13363455627112,150.76780882803462,5.009367808232606
2021-11-10,2021-11-10,150.02000427246094,150.1300048828125,147.85000610351562,147.9199981689453,147.0664520263672,65187100,0.0837,150.41714477539062,149.12000122070313,-1.0775774945733758,2.1443583299620483,153.40871788062722,144.83128456077904,148.86926838864173,4.989888208488529
2021-11-11,2021-11-11,148.9600067138672,149.42999267578125,147.67999267578125,147.8699951171875,147.01675415039062,41000000,0.3019,150.11000061035156,149.32550125122071,-1.02448009078131,1.7674754272623094,152.86045210574534,145.7905503966961,148.20308620767224,4.989547808519958
2021-11-12,2021-11-12,148.42999267578125,150.39999389648438,147.47999572753906,149.99000549316406,149.12452697753906,63804000,0.3565222222222222,149.89571489606584,149.58300170898437,-0.7304101792821314,1.420731838444507,152.4244653858734,146.74153803209535,149.39436573133347,5.0038792264685945
2021-11-15,2021-11-15,150.3699951171875,151.8800048828125,149.42999267578125,150.0,149.13446044921875,59222800,0.19742857142857145,149.7585710797991,149.7555015563965,-0.771580141404371,1.2296936493002142,152.21488885499693,147.29611425779606,149.7981219104445,5.003946305945459
2021-11-16,2021-11-16,149.94000244140625,151.49000549316406,149.33999633789062,151.0,150.12867736816406,59256200,0.18931666666666666,149.71857125418526,149.86750183105468,-0.6531958849537034,1.2362431163427756,152.33998806374024,147.39501559836913,150.59937397014815,5.0106352940962555
2021-11-17,2021-11-17,151.0,155.0,150.99000549316406,153.49000549316406,152.60430908203125,88807000,0.22437333333333337,150.15428597586495,150.0790023803711,-0.5061622453276016,1.4671214529638217,153.01324528629874,147.14475947444345,152.52646165215876,5.02709905615003
2021-11-18,2021-11-18,153.7100067138672,158.6699981689453,153.0500030517578,157.8699951171875,156.95904541015625,137827700,0.19336170212765955,151.16285705566406,150.4985023498535,-0.4275852479507023,2.2678254848418047,155.03415331953713,145.9628513801699,156.08881729551126,5.055417405741658
2021-11-19,2021-11-19,157.64999389648438,161.02000427246094,156.52999877929688,160.5500030517578,159.62356567382812,117305600,0.34967000000000004,152.96714346749442,151.09150238037108,-0.7090533256486822,3.1493243208655857,157.39015102210226,144.7928537386399,159.06294113300896,5.072357371851534
2021-11-22,2021-11-22,161.67999267578125,165.6999969482422,161.0,161.02000427246094,160.0908660888672,117467900,0.27448636363636364,154.84571620396204,151.71050262451172,-1.4715087887313416,3.79298997976046,159.29648258403265,144.1245226649908,160.3676498926436,5.075298834121521
2021-11-23,2021-11-23,161.1199951171875,161.8000030517578,159.05999755859375,161.41000366210938,160.47862243652344,96041900,0.4014625,156.4771445138114,152.31500244140625,-1.9429130978448939,4.318906652394355,160.95281574619497,143.67718913661753,161.06255240562078,5.077733060458432
2021-11-24,2021-11-24,160.75,162.13999938964844,159.63999938964844,161.94000244140625,161.0055694580078,69463600,0.17671249999999997,158.18285914829798,152.9695022583008,-2.1885616865100417,4.737716327192241,162.44493491268528,143.4940696039163,161.6475190961444,5.081031639887654
2021-11-26,2021-11-26,159.57000732421875,160.4499969482422,156.36000061035156,156.80999755859375,155.90516662597656,76959800,0.10040000000000002,159.01285879952567,153.18150177001954,-2.557734404507187,4.813162304565804,162.80782637915115,143.55517716088792,158.4225047377773,5.048637300560139
2021-11-29,2021-11-29,159.3699951171875,161.19000244140625,158.7899932861328,160.24000549316406,159.31536865234375,88748200,0.32167,159.9771445138114,153.70350189208983,-2.5539282973663546,4.99000239801115,163.68350668811212,143.72349709606755,159.63417190803514,5.070412532628248
2021-11-30,2021-11-30,159.99000549316406,165.52000427246094,159.9199981689453,165.3000030517578,164.34617614746094,174048100,0.1541074074074074,161.03857421875,154.52050170898437,-2.2181632437908547,5.485534437980982,165.49157058494634,143.5494328330224,163.4113926705169,5.101694043617524
2021-12-01,2021-12-01,167.47999572753906,170.3000030517578,164.52999877929688,164.77000427246094,163.81924438476562,152052500,-0.010062962962962961,161.6414315359933,155.25800170898438,-3.06205114989163,5.829373776775468,166.91674926253532,143.59925415543344,164.31713373847958,5.098463030549953
2021-12-02,2021-12-02,158.74000549316406,164.1999969482422,157.8000030517578,163.75999450683594,162.8150634765625,136739200,0.15068461538461536,162.0328587123326,155.87150115966796,-2.45165641187873,6.053310657858386,167.97812247538474,143.76487984395118,163.9457075840505,5.092276689383402
2021-12-03,2021-12-03,164.02000427246094,164.9600067138672,159.72000122070312,161.83999633789062,160.90611267089844,118023100,0.34374000000000005,162.0942862374442,156.41550064086914,-2.8469225932003894,6.077526664431715,168.57055396973257,144.2604473120057,162.54190008661058,5.080410059260425
2021-12-06,2021-12-06,164.2899932861328,167.8800048828125,164.27999877929688,165.32000732421875,164.36605834960938,107497000,0.04916875,162.577144077846,157.11750106811525,-2.9255570468208987,6.261204881050099,169.63991083021546,144.59509130601504,164.39397157834935,5.101815790753146
2021-12-07,2021-12-07,169.0800018310547,171.5800018310547,168.33999633789062,171.17999267578125,170.19223022460938,120405400,0.11548409090909094,164.6300005231585,158.15450057983398,-3.2337345997587477,6.792055604071216,171.73861178797642,144.57038937169153,168.91798564330395,5.1368566573833405
2021-12-08,2021-12-08,172.1300048828125,175.9600067138672,170.6999969482422,175.0800018310547,174.0697479248047,116998900,0.14844838709677421,166.75,159.36800079345704,-3.5877285186201675,7.5379306802119,174.44386215388084,144.29213943303324,173.02599643513778,5.159514974186044
2021-12-09,2021-12-09,174.91000366210938,176.75,173.9199981689453,174.55999755859375,173.552734375,108923700,0.17288695652173916,168.07285635811942,160.70000076293945,-4.257384390315821,7.759012088163221,176.2180249392659,145.18197658661302,174.0486638507751,5.1565233468635086
2021-12-10,2021-12-10,175.2100067138672,179.6300048828125,174.69000244140625,179.4499969482422,178.4145050048828,115402700,0.11783750000000001,170.1699981689453,162.27900085449218,-4.413951788848607,8.210813118902776,178.70062709229774,145.85737461668663,177.64955258241983,5.184308432834697
2021-12-13,2021-12-13,181.1199951171875,182.1300048828125,175.52999877929688,175.74000549316406,174.72593688964844,153237000,0.11772702702702703,171.88142830984933,163.56650085449218,-5.626920381072267,8.201276227030249,179.96905330855267,147.16394840043168,176.37652118958263,5.163299186306162
2021-12-14,2021-12-14,175.25,177.74000549316406,172.2100067138672,174.3300018310547,173.32406616210938,139380400,0.28795714285714286,173.66571480887276,164.78300094604492,-5.7774411724063555,7.88123441330418,180.5454697726533,149.02053211943655,175.012174950564,5.155197302517199
2021-12-15,2021-12-15,175.11000061035156,179.5,172.30999755859375,179.3000030517578,178.26539611816406,131063300,0.17306,175.66285705566406,166.1980010986328,-5.444340436754544,7.816618558503478,181.83123821563976,150.56476398162584,177.87072701802654,5.183467541984954
2021-12-16,2021-12-16,179.27999877929688,181.13999938964844,170.75,172.25999450683594,171.2659912109375,150185800,0.1789722222222222,175.817143031529,167.1365005493164,-6.244106241626639,7.3216692642546715,181.77983907782573,152.49316202080706,174.1302386772328,5.143182837523048
2021-12-17,2021-12-17,169.92999267578125,173.47000122070312,169.69000244140625,171.13999938964844,170.15248107910156,195432700,0.34686923076923076,175.25428553989954,167.80000076293945,-5.52510410785149,7.033323706540887,181.86664817602122,153.73335334985768,172.13674581884322,5.136621623960389
2021-12-20,2021-12-20,168.27999877929688,170.5800018310547,167.4600067138672,169.75,168.77049255371094,107499100,0.51445,174.567143031529,168.26000061035157,-4.735393284528783,6.832173260925595,181.92434713220277,154.59565408850037,170.5455819396144,5.128418329752639
2021-12-21,2021-12-21,171.55999755859375,173.1999969482422,169.1199951171875,172.99000549316406,171.99179077148438,91185900,0.46145714285714284,173.644287109375,168.8585006713867,-4.307742906366599,6.68731946391396,182.23313959921464,155.48386174355878,172.17519764198084,5.147436367527257
2021-12-22,2021-12-22,173.0399932861328,175.86000061035156,172.14999389648438,175.63999938964844,174.62649536132812,92135300,0.2414666666666667,173.6300005231585,169.57000045776368,-3.9365263066800935,6.609676195925471,182.78935284961463,156.35064806591274,174.48506547375925,5.162726708746776
2021-12-23,2021-12-23,175.85000610351562,176.85000610351562,175.27000427246094,176.27999877929688,175.26280212402344,68356600,0.27496363636363635,173.90857151576452,170.2870002746582,-3.9555578741877184,6.515544174395641,183.31808862344948,157.2559119258669,175.681687677451,5.166384688322908
2021-12-27,2021-12-27,177.08999633789062,180.4199981689453,177.07000732421875,180.3300018310547,179.28945922851562,74919600,0.16208636363636364,174.0557141985212,171.46300048828124,-3.808426022934924,6.061816428681676,183.5866333456446,159.33936763091788,178.78056377985345,5.189227694170865
2021-12-28,2021-12-28,180.16000366210935,181.3300018310547,178.52999877929688,179.2899932861328,178.2554473876953,79144300,0.2005761904761905,175.05999973842077,172.41549987792968,-4.162749416048399,5.690841431343649,183.79718274061696,161.0338170152424,179.12018345070635,5.183411400389675
2021-12-29,2021-12-29,179.3300018310547,180.6300048828125,178.13999938964844,179.3800048828125,178.34494018554688,62348900,0.2209375,176.23714338030135,173.11949996948243,-4.268351498539857,5.634898588910959,184.38929714730435,161.84970279166052,179.29339773877712,5.183916133611155
2021-12-30,2021-12-30,179.47000122070312,180.57000732421875,178.08999633789062,178.1999969482422,177.17172241210938,59773000,0.314175,177.4442858014788,173.79099960327147,-4.411405154843976,5.382078917608419,184.55515743848832,163.02684176805462,178.5644638784205,5.177279020948871
2021-12-31,2021-12-31,178.08999633789062,179.22999572753906,177.25999450683594,177.57000732421875,176.54539489746094,64062300,0.10137999999999998,178.09857177734375,174.48150024414062,-4.322315803116396,4.890876089001614,184.26325242214384,164.6997480661374,177.901492842286,5.173717439795245
2022-01-03,2022-01-03,177.8300018310547,182.8800048828125,177.7100067138672,182.00999450683597,180.9597320556641,104487900,0.2026222222222223,179.0085710797991,175.4900001525879,-3.838205197607664,4.173991356170467,183.83798286492882,167.14201744024697,180.64049395198597,5.198552248011165
2022-01-04,2022-01-04,182.6300048828125,182.94000244140625,179.1199951171875,179.6999969482422,178.66307067871094,99310400,0.21863076923076927,179.4971422467913,176.20899963378906,-4.278055542224223,3.516711882286757,183.24242339836258,169.17557586921555,180.0134959494901,5.185708405087834
2022-01-05,2022-01-05,179.61000061035156,180.1699981689453,174.63999938964844,174.9199981689453,173.91065979003906,94537600,-0.06875000000000002,178.72428458077567,176.39599990844727,-4.498629871737961,3.329684816248453,183.05536954094418,169.73663027595035,176.61783076246024,5.158595412844756
2022-01-06,2022-01-06,172.6999969482422,175.3000030517578,171.63999938964844,172.0,171.00750732421875,96904000,0.11852499999999999,177.682856968471,176.24199981689452,-3.827909723016404,3.462337681750783,183.16667518039608,169.31732445339296,173.53927692082007,5.14166355650266
2022-01-07,2022-01-07,172.88999938964844,174.13999938964844,171.02999877929688,172.1699981689453,171.176513671875,86709100,0.1458111111111111,176.6528560093471,176.12249984741212,-3.283356028637968,3.563220920199516,183.24894168781114,168.9960580070131,172.6264244195702,5.142657204010286
2022-01-10,2022-01-10,169.0800018310547,172.5,168.1699981689453,172.19000244140625,171.19642639160156,106765600,0.1742642857142857,175.7942853655134,175.7595001220703,-2.239860814912049,3.576172947638791,182.9118460173479,168.60715422679272,172.33547643412757,5.14277406504807
2022-01-11,2022-01-11,172.32000732421875,175.17999267578125,170.82000732421875,175.0800018310547,174.0697479248047,76138300,0.16881111111111113,175.4385702950614,175.72649993896485,-1.6448885119684462,3.5794060351307904,182.88531200922642,168.56768786870327,174.165160032079,5.159514974186044
2022-01-12,2022-01-12,176.1199951171875,177.17999267578125,174.82000732421875,175.52999877929688,174.5171356201172,74805200,0.1298181818181818,174.51285661969865,175.78649978637696,-1.6796961196044151,3.5647928250781815,182.91608543653334,168.6569141362206,175.07505253022427,5.162096639642514
2022-01-13,2022-01-13,175.77999877929688,176.6199951171875,171.7899932861328,172.19000244140625,171.19642639160156,84505800,0.13703333333333334,173.44000026157923,175.43099975585938,-1.8904763237247835,3.550460995653104,182.5319217471656,168.33007776455315,173.1516858043456,5.14277406504807
2022-01-14,2022-01-14,171.33999633789062,173.77999877929688,171.08999633789062,173.07000732421875,172.07135009765625,80440800,-0.15596363636363636,173.17571585518974,175.47150039672852,-1.3265216434423621,3.5168459051148653,182.50519220695824,168.4378085864988,173.097233484261,5.147901413330409
2022-01-18,2022-01-18,171.50999450683594,172.5399932861328,169.41000366210938,169.8000030517578,168.82020568847656,90956700,0.19328888888888887,172.86143057686942,175.40450057983398,-1.1189211146144373,3.6151006314634144,182.63470184276082,168.17429931690714,170.8990798625922,5.128714600240991
2022-01-19,2022-01-19,170.0,171.0800018310547,165.94000244140625,166.22999572753906,165.2707977294922,94815000,0.17208181818181822,172.01285879952567,175.22850036621094,-0.9958605930067677,3.972860164919427,183.1742206960498,167.2827800363721,167.78635710589012,5.1073384168052405
2022-01-20,2022-01-20,166.97999572753906,169.67999267578125,164.17999267578125,164.50999450683594,163.56072998046875,91420500,0.010249999999999981,170.91571480887276,174.80449981689452,-0.5941812679452028,4.623559344069148,184.05161850503282,165.55738112875622,165.60211537318733,5.0968741169512155
2022-01-21,2022-01-21,164.4199981689453,166.3300018310547,162.3000030517578,162.41000366210938,161.47286987304688,122848900,0.22029230769230765,169.10571507045202,174.14300003051758,-0.0629337247382864,5.381951099945206,184.906902230408,163.37909783062716,163.47404089913536,5.083947734473432
2022-01-24,2022-01-24,160.02000427246094,162.3000030517578,154.6999969482422,161.6199951171875,160.6873779296875,162294600,0.06604000000000002,167.11857169015067,173.4099998474121,0.9493584659567773,6.034356278581115,185.47871240457434,161.34128729024988,162.2380103778368,5.079041296360537
2022-01-25,2022-01-25,158.97999572753906,162.75999450683594,157.02000427246094,159.77999877929688,158.85801696777344,115798400,0.08596666666666668,165.34571402413505,172.38249969482422,1.7733005664366601,6.523766383212807,185.43003246124982,159.33496692839861,160.59933597881016,5.067519588608952
2022-01-26,2022-01-26,163.5,164.38999938964844,157.82000732421875,159.69000244140625,158.76853942871094,108275300,0.23698000000000002,163.43428475516183,171.4025001525879,1.7056668189107427,6.893204378189754,185.1889089089674,157.6160913962084,159.99311362054087,5.066952628959503
2022-01-27,2022-01-27,162.4499969482422,163.83999633789062,158.27999877929688,159.22000122070312,158.30123901367188,121954600,0.0908879120879121,161.922855922154,170.3944999694824,1.7164715490119988,7.135015496284553,184.66453096205151,156.1244689769133,159.47770535398237,5.063986477308477
2022-01-28,2022-01-28,165.7100067138672,170.35000610351562,162.8000030517578,170.3300018310547,169.34713745117188,179935700,0.12440869565217393,162.5085710797991,170.00100021362306,1.9912603057983063,6.894857016491567,183.7907142466062,156.21128618063992,166.71256967203058,5.131849484490777
2022-01-31,2022-01-31,170.16000366210938,175.0,169.50999450683594,174.77999877929688,173.77145385742188,115541600,0.2710133333333334,163.97571454729353,169.86149978637695,1.8820009893577208,6.760573642531822,183.3826470714406,156.3403525013133,172.09085574354143,5.1577901243866435
2022-02-01,2022-02-01,174.00999450683594,174.83999633789062,172.30999755859375,174.61000061035156,173.6024627685547,86213900,0.3303894736842105,165.71857125418526,169.49150009155272,1.2226931793717029,6.243422240392341,181.9783445723374,157.00465561076805,173.77028565474816,5.156811407769505
2022-02-02,2022-02-02,174.75,175.8800048828125,173.3300018310547,175.83999633789062,174.82533264160156,84914300,0.25118749999999995,167.75,169.29850006103516,0.6764282283218961,5.964681667271544,181.22786339557825,157.36913672649206,175.15009277684314,5.163871249049624
2022-02-03,2022-02-03,174.47999572753906,176.24000549316406,172.1199951171875,172.89999389648438,171.90231323242188,89418100,0.12533461538461538,169.62428501674108,169.1974998474121,0.07667413794393951,5.880998019725647,180.9594958868634,157.4355038079608,173.65002685660397,5.146912876882604
2022-02-04,2022-02-04,171.67999267578125,174.10000610351562,170.67999267578125,172.38999938964844,171.61363220214844,82465400,-0.08562307692307693,171.4385702950614,169.21699981689454,-0.019142952082773945,5.891416850845278,180.9998335185851,157.434166115204,172.8100085453003,5.143941657843295
2022-02-07,2022-02-07,172.86000061035156,173.9499969482422,170.9499969482422,171.66000366210938,170.8869171142578,77251200,0.2458428571428572,173.21571350097656,169.19150009155274,-0.3215683806586469,5.879053457195656,180.94960700594405,157.43339317716143,172.043338623173,5.139673294566949
2022-02-08,2022-02-08,171.72999572753906,175.35000610351562,171.42999267578125,174.8300018310547,174.04263305664062,74829200,0.1636952380952381,173.8585706438337,169.32350006103516,-0.15964558018094976,5.97871367605257,181.2809274131403,157.36607270893003,173.90111409509413,5.158077820667043
2022-02-09,2022-02-09,176.0500030517578,176.64999389648438,174.89999389648438,176.27999877929688,175.48609924316406,71285000,-0.00031000000000002136,174.07285635811942,169.38349990844728,-0.5527514295501703,6.045175933791263,181.4738517760298,157.29314804086476,175.48703721789596,5.166384688322908
2022-02-10,2022-02-10,174.13999938964844,175.47999572753906,171.5500030517578,172.1199951171875,171.34483337402344,90865900,0.2462875,173.7171412876674,169.2129997253418,-0.866358187544364,5.909254297725749,181.0315083207933,157.3944911298903,173.2423424840903,5.142365036239715
2022-02-11,2022-02-11,172.3300018310547,173.0800018310547,168.0399932861328,168.63999938964844,167.88050842285156,98670700,0.17328333333333334,172.6885702950614,169.0354995727539,-1.104710135743204,5.868300654580681,180.77210088191526,157.29889826359255,170.17411375446238,5.121818819416024
2022-02-14,2022-02-14,167.3699951171875,169.5800018310547,166.55999755859375,168.8800048828125,168.1194305419922,86185500,0.25627999999999995,172.1142861502511,168.82599945068358,-0.5400485705797564,5.790969460959332,180.40793837260225,157.24406052876492,169.31137450669578,5.123249467550525
2022-02-15,2022-02-15,170.97000122070312,172.9499969482422,170.25,172.7899932861328,172.01182556152344,62527400,0.3284,172.17142813546317,168.97549896240236,-0.33832762373481273,5.855671028516761,180.6868410194359,157.26415690536882,171.63045369298712,5.146272761556526
2022-02-16,2022-02-16,171.85000610351562,173.33999633789062,170.0500030517578,172.5500030517578,171.77291870117188,61177400,-0.1315,172.29857090541296,169.29149932861327,-0.3088594879280038,5.87022346715885,181.03194626293097,157.55105239429557,172.24348659883424,5.144874787093778
2022-02-17,2022-02-17,171.02999877929688,171.91000366210938,168.47000122070312,168.8800048828125,168.1194305419922,69589300,0.11954999999999999,171.44857134137834,169.5099998474121,-0.42011517347592076,5.7632348250157195,181.03646949744353,157.98353019738067,170.00116545481976,5.123249467550525
2022-02-18,2022-02-18,169.82000732421875,170.5399932861328,166.19000244140625,167.3000030517578,166.5465545654297,82772700,0.27555,170.16571480887276,169.75449981689454,-0.45793809893623916,5.54579581219749,180.8460914412895,158.66290819249957,168.20039051944514,5.113793404549801
2022-02-22,2022-02-22,164.97999572753906,166.69000244140625,162.14999389648438,164.32000732421875,163.57998657226562,91162800,0.2192642857142857,169.05143083844865,169.8895004272461,0.012704129264335506,5.3673487097480415,180.6241978467422,159.15480300775002,165.6134683892942,5.095711511297191
2022-02-23,2022-02-23,165.5399932861328,166.14999389648438,159.75,160.07000732421875,159.34912109375,90009200,0.02699999999999999,167.82714625767298,169.90400085449218,-0.027328305612229542,5.338915853140345,180.58183256077288,159.22616914821148,161.9178276792439,5.069344402954266
2022-02-24,2022-02-24,152.5800018310547,162.85000610351562,152.0,162.74000549316406,162.00709533691406,141147500,0.12451818181818183,166.95000348772322,170.05650100708007,2.07097875822339,5.068521881881788,180.19354477084366,159.9194572433165,162.46594622185737,5.085990141630604
2022-02-25,2022-02-25,163.83999633789062,165.1199951171875,160.8699951171875,164.85000610351562,164.1075897216797,91974200,-0.03521428571428571,165.8157196044922,170.3380012512207,2.2311779254223154,4.5664761323945156,179.47095351600973,161.20504898643168,164.0553194762962,5.0989514123954525
2022-02-28,2022-02-28,163.05999755859375,165.4199981689453,162.42999267578125,165.1199951171875,164.37635803222656,95056600,-0.04149999999999998,164.75428989955358,170.07750091552734,2.4827781224830403,4.713204835537813,179.50391058660296,160.65109124445172,164.76510323689038,5.100597837822507
2022-03-01,2022-03-01,164.6999969482422,166.60000610351562,161.97000122070312,163.1999969482422,162.4650115966797,83474400,0.0018181818181818197,163.94286019461495,169.4985008239746,2.2805081098687765,4.815290608019336,179.1290820400133,159.86791960793593,163.72169904445823,5.088830122866529
2022-03-02,2022-03-02,164.38999938964844,167.36000061035156,162.9499969482422,166.55999755859375,165.8098907470703,79724800,0.09346,163.83714512416296,169.09600067138672,2.3756026111241795,4.70061974117725,178.49724015374122,159.69476118903222,165.6138980538819,5.109333652134178
2022-03-03,2022-03-03,168.47000122070312,168.91000366210938,165.5500030517578,166.22999572753906,165.4813690185547,76678400,0.14616875000000001,164.11000061035156,168.61550064086913,1.795619791700119,4.459971644195592,177.5354439292603,159.69555735247795,166.02462983632003,5.1073384168052405
2022-03-04,2022-03-04,164.49000549316406,165.5500030517578,162.10000610351562,163.1699981689453,162.4351348876953,83737200,0.16528823529411765,164.5528564453125,168.12900085449218,1.6808117740533817,4.498529397977938,177.12605965044804,159.1319420585363,164.12154205807022,5.088645156440325
2022-03-07,2022-03-07,163.36000061035156,165.02000427246094,159.0399932861328,159.3000030517578,158.5825958251953,96418800,0.11789000000000002,164.0614275251116,167.47450103759766,1.443779570556046,4.788837138391661,177.05217531438097,157.89682676081435,160.9071827205286,5.064491986165285
2022-03-08,2022-03-08,158.82000732421875,162.8800048828125,155.8000030517578,157.44000244140625,156.73094177246094,131148300,0.10172142857142859,163.0028555733817,166.7635009765625,1.7560016147987767,5.174779780435489,177.11306053743348,156.41394141569154,158.5957292011137,5.052672565493336
2022-03-09,2022-03-09,161.47999572753906,163.41000366210938,159.41000366210938,162.9499969482422,162.2161407470703,91454900,0.19042222222222221,162.69285583496094,166.16950073242188,1.9638787776158892,4.873160764420079,175.91582226126204,156.42317920358173,161.49857436586603,5.087287626773511
2022-03-10,2022-03-10,160.1999969482422,160.38999938964844,155.97999572753906,158.52000427246094,157.8061065673828,105342000,0.26399375,162.02428545270647,165.28150100708007,1.9898327909887712,4.540623513714991,174.36274803451005,156.20025397965009,159.51286097026264,5.059552461454162
2022-03-11,2022-03-11,158.92999267578125,159.27999877929688,154.5,154.72999572753906,154.0331573486328,96970100,-0.1140923076923077,160.33428519112724,164.41200103759766,1.882941625544447,4.818695138970023,174.04939131553772,154.7746107596576,156.32428414178025,5.035197789132528
2022-03-14,2022-03-14,151.4499969482422,154.1199951171875,150.10000610351562,150.6199951171875,149.941650390625,108732100,0.0677709677419355,158.10428510393416,163.5110008239746,2.576149240508016,5.606781906288689,174.72456463655197,152.29743701139722,152.52142479205176,5.0080987138095
2022-03-15,2022-03-15,150.89999389648438,155.57000732421875,150.3800048828125,155.08999633789062,154.3915252685547,92964300,0.05438,156.9499991280692,162.8215003967285,3.496216813911815,5.757662897283807,174.33682619129613,151.3061746021609,154.233805822611,5.03753682352772
2022-03-16,2022-03-16,157.0500030517578,160.0,154.4600067138672,159.58999633789062,158.87127685546875,102300200,0.16660000000000003,156.9914267403739,162.1615005493164,3.612195182464717,5.292610194566279,172.74672093844896,151.57628016018384,157.80459949946408,5.06632223241883
2022-03-17,2022-03-17,158.61000061035156,161.0,157.6300048828125,160.6199951171875,159.89663696289062,75615400,0.2581333333333334,157.44571140834265,161.56500015258788,3.5271481951000396,4.6991697533714145,170.9633396593307,152.16666064584507,159.68152991127968,5.072795959857633
2022-03-18,2022-03-18,160.50999450683594,164.47999572753906,159.75999450683594,163.97999572753906,163.24151611328125,123511700,0.26574444444444445,157.59285409109933,161.31999969482422,3.3998367316528117,4.416977628166539,170.1539549511573,152.48604443849115,162.54717378878593,5.0936274676774405
2022-03-21,2022-03-21,163.50999450683594,166.35000610351562,163.00999450683594,165.3800048828125,164.6352081298828,95811400,0.21086923076923084,158.5728541782924,161.22399978637696,2.943067863473175,4.2994676433977945,169.82293507317254,152.62506449958138,164.43572785147032,5.102180850424773
2022-03-22,2022-03-22,165.50999450683594,169.4199981689453,164.91000366210938,168.82000732421875,168.05970764160156,81532000,0.06667999999999999,160.58571297781808,161.44899978637696,2.52011972636177,4.57869543679974,170.60639065997643,152.2916089127775,167.35858083330263,5.1228920200852235
2022-03-23,2022-03-23,167.99000549316406,172.63999938964844,167.64999389648438,170.2100067138672,169.44345092773438,98062700,0.22656000000000004,163.38428606305803,161.95599975585938,1.9191842843002291,4.963218549056049,171.88243685397148,152.02956265774728,169.25953142034567,5.131140586758256
2022-03-24,2022-03-24,171.05999755859375,174.13999938964844,170.2100067138672,174.07000732421875,173.2860565185547,90131400,0.26927500000000004,166.09571620396204,162.52249984741212,1.2654379613223057,5.655706462660181,173.83391277273248,151.21108692209177,172.46651535626106,5.153696179256308
2022-03-25,2022-03-25,173.8800048828125,175.27999877929688,172.75,174.72000122070312,173.93313598632812,80546200,0.26565714285714287,168.25714547293526,163.0159996032715,0.38742956529065964,6.267057609110639,175.55011482149277,150.48188438505022,173.9688392658891,5.157444814693464
2022-03-28,2022-03-28,172.1699981689453,175.72999572753906,172.0,175.60000610351562,174.80917358398438,90371900,0.09794615384615384,170.39714704241072,163.54000015258788,0.03295753460875517,6.862112231990553,177.26422461656898,149.81577568860678,175.05628382430677,5.1624976783626355
2022-03-29,2022-03-29,176.69000244140625,179.00999450683594,176.33999633789062,178.9600067138672,178.15403747558594,100589400,0.35336,172.53714861188615,164.32800064086913,-0.6525290967564672,7.677462595444573,179.68292583175827,148.97307544998,177.65876575068037,5.181558843664673
2022-03-30,2022-03-30,178.5500030517578,179.61000061035156,176.6999969482422,177.77000427246094,176.9694061279297,92633200,0.027099999999999982,174.30714852469308,164.8885009765625,-1.5305930265118661,8.237742553091618,181.36398608274575,148.41301587037927,177.73292476520075,5.174849476717395
2022-03-31,2022-03-31,177.83999633789062,178.02999877929688,174.39999389648438,174.61000061035156,173.82362365722656,103049300,0.2907230769230769,175.13429042271204,165.30750122070313,-2.3348363885327217,8.517920329085706,182.34334187887455,148.2716605625317,175.65097532863464,5.156811407769505
2022-04-01,2022-04-01,174.02999877929688,174.8800048828125,171.94000244140625,174.30999755859375,173.5249786376953,78751300,0.07721428571428571,175.72000340053015,165.86450119018554,-2.41121266085122,8.732321719420433,183.32914462902642,148.39985775134465,174.7569901486074,5.1550818843743516
2022-04-04,2022-04-04,174.57000732421875,178.49000549316406,174.44000244140625,178.44000244140625,177.63636779785156,76468400,0.23089285714285715,176.3442884172712,166.82150115966797,-2.2175193056103524,9.019128872323552,184.85975890431507,148.78324341502088,177.21233167713999,5.178632537361109
2022-04-05,2022-04-05,177.5,178.3000030517578,174.4199981689453,175.05999755859375,174.2716064453125,73401800,-0.010722222222222216,176.39285932268416,167.70250091552734,-2.697541624671004,8.914465240666317,185.53143139685997,149.8735704341947,175.77744226477583,5.159400053335133
2022-04-06,2022-04-06,172.36000061035156,173.6300048828125,170.1300048828125,171.8300018310547,171.05615234375,89058800,0.09778,175.85428728376115,168.14650115966796,-2.5191921731760374,8.886398138155904,185.9192974359798,150.37370488335614,173.14581530896172,5.140668920677545
2022-04-07,2022-04-07,171.16000366210938,173.36000061035156,169.85000610351562,172.13999938964844,171.36474609375,77594700,-0.17755,174.8800005231585,168.82750091552734,-2.1492121723352113,8.627973897584036,186.08344871069542,151.57155312035925,172.47527136275286,5.1424819314235215
2022-04-08,2022-04-08,171.77999877929688,171.77999877929688,169.1999969482422,170.08999633789062,169.323974609375,76575500,0.09250909090909089,173.78285653250558,169.59550094604492,-2.07092263280083,7.965235316175946,185.52597157839682,153.66503031369302,170.8850880128447,5.130431095892585
2022-04-11,2022-04-11,168.7100067138672,169.02999877929688,165.5,165.75,165.00352478027344,72246700,-0.07714,172.51714215959822,170.35200119018555,-1.8544291205535046,6.68354894252893,183.7190990752434,156.9849033051277,167.46169600428155,5.104429173382616
2022-04-12,2022-04-12,168.02000427246094,169.8699951171875,166.63999938964844,167.66000366210938,166.90493774414062,79265200,0.06031111111111111,171.567143031529,170.9805015563965,-1.449770668398827,5.689993558638313,182.3604886736731,159.60051443911988,167.59390110950008,5.115955830927596
2022-04-13,2022-04-13,167.38999938964844,171.0399932861328,166.77000427246094,170.39999389648438,169.63258361816406,70618900,0.1020727272727273,170.41857038225447,171.52100143432617,-0.8204197483761106,5.025697568230988,181.57239657078813,161.4696062978642,169.46462963415627,5.132262746187755
2022-04-14,2022-04-14,170.6199951171875,171.27000427246094,165.0399932861328,165.2899932861328,164.5456085205078,75329400,0.5788142857142857,169.0228554861886,171.75450134277344,-1.1591380433119127,4.581416493037204,180.91733432884786,162.59166835669902,166.68153873547396,5.101633118052293
2022-04-18,2022-04-18,163.9199981689453,166.60000610351562,163.57000732421875,165.07000732421875,164.32659912109375,69023900,0.18004285714285714,168.05714198521204,171.80900192260742,-0.45757382615812503,4.4896271151548,180.78825615291703,162.82974769229781,165.60718446130383,5.100293210667607
2022-04-19,2022-04-19,165.02000427246094,167.82000732421875,163.91000366210938,167.39999389648438,166.64610290527344,67723800,0.07375833333333333,167.37999834333147,171.910001373291,0.11376848502087,4.35818414676698,180.62636966682498,163.19363307975703,166.8023907514242,5.114394491707326
2022-04-20,2022-04-20,168.75999450683594,168.8800048828125,166.10000610351562,167.22999572753906,166.4768524169922,67929800,0.22026842105263159,166.97142682756697,171.83050079345702,-0.0007486332487189884,4.431404641649241,180.6933100767555,162.96769151015855,167.0874607355008,5.113372345845263
2022-04-21,2022-04-21,168.91000366210938,171.52999877929688,165.91000366210938,166.4199981689453,165.67051696777344,87227800,0.26607857142857144,167.06714085170202,171.64100036621093,-0.19097671764228608,4.582799214752062,180.80659879571505,162.47540193670682,166.64248569113047,5.108487683194635
2022-04-22,2022-04-22,166.4600067138672,167.8699951171875,161.5,161.7899932861328,161.0613555908203,84882400,-0.0023526315789473722,166.22856794084822,171.02699966430663,-0.3322624821684883,5.04005666563187,181.10711299557036,160.9468863330429,163.40749075446536,5.080099124000817
2022-04-25,2022-04-25,161.1199951171875,163.1699981689453,158.4600067138672,162.8800048828125,162.14645385742188,96046400,-0.004685000000000009,165.15428379603796,170.43499984741212,0.4098935681553826,5.273405174093183,180.98181019559848,159.88818949922575,163.05583350669679,5.086855350170826
2022-04-26,2022-04-26,162.25,162.33999633789062,156.72000122070312,156.8000030517578,156.09384155273438,95623200,0.09761578947368424,163.9414280482701,169.49499969482423,0.3825163899995232,5.937973616467877,181.37094692775997,157.6190524618885,158.8852798700708,5.04857315302431
2022-04-27,2022-04-27,155.91000366210938,159.7899932861328,155.3800048828125,156.57000732421875,155.86488342285156,88063200,0.15092727272727274,162.72714233398438,168.3754997253418,1.2529465945977734,6.165842022165546,180.7071837696729,156.0438156810107,157.34176483950276,5.047095838178921
2022-04-28,2022-04-28,159.25,164.52000427246094,158.92999267578125,163.63999938964844,162.9030303955078,130216800,0.03104128440366974,162.19000026157923,167.66899948120118,1.938014705724072,5.83329799670025,179.3355954746017,156.00240348780068,161.5405878729332,5.091539165567315
2022-04-29,2022-04-29,161.83999633789062,166.1999969482422,157.25,157.64999389648438,156.94000244140625,131747600,0.05095757575757576,160.82142857142858,166.8209991455078,1.6605212952395618,6.001494680901218,178.82398850731025,154.81800978370538,158.94685855530065,5.054013978435445
2022-05-02,2022-05-02,156.7100067138672,158.22999572753906,153.27000427246094,157.9600067138672,157.2486114501953,123055300,0.14984615384615385,159.61285836356026,166.00349960327148,2.188632553464174,6.041117051219115,178.0857337057097,153.92126550083324,158.28895732767833,5.0559910385914355
2022-05-03,2022-05-03,158.14999389648438,160.7100067138672,156.32000732421875,159.47999572753906,158.7617645263672,88966500,0.11226428571428572,159.2828587123326,165.0554992675781,2.4827546663416626,5.445047080886473,175.94559342935105,154.16540510580518,159.08298292758548,5.065628375431304
2022-05-04,2022-05-04,159.6699981689453,166.47999572753906,159.25999450683594,166.02000427246094,165.27230834960938,108256500,0.16405,159.73143005371094,164.60349960327147,2.9506583501768944,4.920828056478937,174.44515571622935,154.7618434903136,163.70766382416912,5.106066704566762
2022-05-05,2022-05-05,163.85000610351562,164.0800018310547,154.9499969482422,156.77000427246094,156.06398010253906,130525300,0.17820666666666668,159.7271445138114,163.8504997253418,2.027719095733744,4.909054817341444,173.66860936002467,154.0323900906589,159.08255745636367,5.048380587766523
2022-05-06,2022-05-06,156.00999450683594,159.44000244140625,154.17999267578125,157.27999877929688,156.80172729492188,116124600,0.09651764705882351,159.82857186453683,163.1074996948242,2.4447601060366253,4.708850915166652,172.5252015251575,153.6897978644909,157.8808516716525,5.05164926237587
2022-05-09,2022-05-09,154.92999267578125,155.8300018310547,151.49000549316406,152.05999755859375,151.59759521484375,131577900,0.09948125,158.17428588867188,162.20599975585938,2.5375984570461867,5.017497086064,172.24099392798738,152.1710055837314,154.00028226294668,5.017677092723471
2022-05-10,2022-05-10,155.52000427246094,156.74000549316406,152.92999267578125,154.50999450683594,154.04013061523438,115366700,0.09999,157.72571454729353,161.64399948120118,2.6394215195746824,5.224849209875314,172.0936979009518,151.19430106145055,154.34009042553953,5.033765675701356
2022-05-11,2022-05-11,153.5,155.4499969482422,145.80999755859375,146.5,146.05450439453125,142689800,0.10608157894736843,156.08857073102678,160.58599929809571,2.395041462487768,6.023825774572357,172.63365084724043,148.538347748951,149.11336347517985,4.980176086611547
2022-05-12,2022-05-12,142.77000427246094,146.1999969482422,138.8000030517578,142.55999755859375,142.12648010253906,182602000,0.042859999999999995,153.67142813546317,159.19399948120116,3.4554242795167056,6.802909753674944,172.79981898855104,145.58817997385128,144.74445286412245,4.952723638230821
2022-05-13,2022-05-13,144.58999633789062,148.10000610351562,143.11000061035156,147.11000061035156,146.6626434326172,113990900,0.06513684210526315,150.9699990408761,158.2849998474121,4.30147754173305,7.151180700351873,172.58736124811585,143.98263844670836,146.32148469494186,4.984359766861336
2022-05-16,2022-05-16,145.5500030517578,147.52000427246094,144.17999267578125,145.5399932861328,145.097412109375,86643800,0.2172,149.36571175711495,157.30849914550782,4.68004724796117,7.500793348015181,172.31008584153818,142.30691244947747,145.8004904224025,4.973556239404943
2022-05-17,2022-05-17,148.86000061035156,149.77000427246094,146.67999267578125,149.24000549316406,148.7861785888672,78336300,0.2697416666666667,148.2171412876674,156.4004997253418,4.688045358887024,7.311667607005822,171.02383493935343,141.77716451133017,148.09350046957687,4.998832619032987
2022-05-18,2022-05-18,146.85000610351562,147.36000061035156,139.89999389648438,140.82000732421875,140.39178466796875,109742900,0.09224864864864867,146.6114283970424,155.0800003051758,4.330740728957011,7.63078448798055,170.34156928113688,139.8184313292147,143.24450503933812,4.9403559334670355
2022-05-19,2022-05-19,139.8800048828125,141.66000366210938,136.60000610351562,137.35000610351562,136.93234252929688,136095600,0.005270000000000002,144.16000148228235,153.6265007019043,4.747999722504659,8.110592447191884,169.84768559628804,137.40531580752054,139.31483908212314,4.915225154055188
2022-05-20,2022-05-20,139.08999633789062,140.6999969482422,132.61000061035156,137.58999633789062,137.17160034179688,137426100,0.33386000000000005,142.88714381626673,152.4165008544922,5.131288720902035,8.617904726037086,169.65231030656636,135.18069140241803,138.16494391930146,4.916983711203837
2022-05-23,2022-05-23,137.7899932861328,143.25999450683594,137.64999389648438,143.11000061035156,142.67481994628906,117726300,0.21074210526315787,142.96571568080358,151.42800064086913,5.964907205760653,8.487392297652734,168.4027852361746,134.45321604556366,141.46164838000152,4.956601409898694
2022-05-24,2022-05-24,140.80999755859375,141.97000122070312,137.3300018310547,140.36000061035156,139.9331817626953,104132700,-0.027599999999999982,142.00142996651786,150.60600051879882,5.942357367295131,8.732303195998627,168.07060691079607,133.14139412680157,140.72721653356822,4.937060517483868
2022-05-25,2022-05-25,138.42999267578125,141.7899932861328,138.33999633789062,140.52000427246094,140.0926971435547,92482700,0.12044615384615384,141.28428867885046,149.80350036621093,6.229849495947406,8.8914124040473,167.58632517430553,132.02067555811632,140.58907502616339,4.938207990783239
2022-05-26,2022-05-26,137.38999938964844,144.33999633789062,137.13999938964844,143.77999877929688,143.3427734375,90601500,0.10638124999999996,140.50428771972656,148.81050033569335,6.80939567374503,8.357788555302866,165.52607744629907,132.09492322508763,142.7163575282524,4.961304975524776
2022-05-27,2022-05-27,145.38999938964844,149.67999267578125,145.25999450683594,149.63999938964844,149.18495178222656,90978500,0.08072352941176471,141.7642865862165,148.41000061035157,6.461982633931598,8.099848545813245,164.60969770197806,132.21030351872508,147.3321187691831,5.001527270959288
2022-05-31,2022-05-31,149.07000732421875,150.66000366210938,146.83999633789062,148.83999633789062,148.38739013671875,103718400,0.3383875,143.4057137625558,147.95400009155273,5.539170453900056,7.784488399248863,163.52297689005044,132.385023293055,148.3373704816548,4.996130583122612
2022-06-01,2022-06-01,149.89999389648438,151.74000549316406,147.67999267578125,148.7100067138672,148.25779724121094,74286600,0.1962166666666667,144.9942866734096,147.41550064086914,4.613104673470758,7.3028122577511,162.02112515637134,132.80987612536694,148.58579463646308,4.9952509375055385
2022-06-02,2022-06-02,147.8300018310547,151.27000427246094,146.86000061035156,151.2100067138672,150.75018310546875,72348100,0.10400000000000001,146.15143040248327,146.67500076293945,4.32506834516721,5.940911635444592,158.55682403382863,134.79317749205026,150.3352693547325,5.012034359706502
2022-06-03,2022-06-03,146.89999389648438,147.97000122070312,144.4600067138672,145.3800048828125,144.9379119873047,88570300,-0.07760000000000002,146.86857386997767,146.10550079345703,3.799854230089636,5.447720451859409,157.00094169717585,135.2100598897382,147.03175970678583,4.97244874653019
2022-06-06,2022-06-06,147.02999877929688,148.57000732421875,144.89999389648438,146.13999938964844,145.6956024169922,71598400,0.0787888888888889,147.67143031529017,145.54850082397462,3.3640319266366134,4.772742287462186,155.09398539889898,136.00301624905026,146.43725282869423,4.97769878964473
2022-06-07,2022-06-07,144.35000610351562,149.0,144.10000610351562,148.7100067138672,148.25779724121094,67808200,0.0683923076923077,148.37571716308594,145.3810012817383,3.5767745040048453,4.58737809384532,154.55575746942893,136.20624509404766,147.9524220854762,4.9952509375055385
2022-06-08,2022-06-08,148.5800018310547,149.8699951171875,147.4600067138672,147.9600067138672,147.51007080078125,53950200,0.13923888888888888,148.1357182094029,145.05350189208986,3.0460546001601756,4.110348637105932,153.2741991663017,136.832804617878,147.95747850440353,4.990160486591867
2022-06-09,2022-06-09,147.0800018310547,147.9499969482422,142.52999877929688,142.63999938964844,142.2062530517578,69473000,0.008760000000000007,147.250004359654,144.86050186157226,2.425164117940568,4.129432290343623,153.11936644225952,136.601637280885,144.41249242790013,4.953288622934528
2022-06-10,2022-06-10,140.27999877929688,140.75999450683594,137.05999755859375,137.1300048828125,136.7130126953125,91437900,0.03987647058823528,145.59571838378906,144.5890022277832,2.498481976334517,4.4543652878694875,153.49773280352218,135.6802716520442,139.55750073117505,4.913610347393128
2022-06-13,2022-06-13,132.8699951171875,135.1999969482422,131.44000244140625,131.8800048828125,131.4789581298828,122207100,0.06526923076923076,142.83428955078125,143.82750244140624,3.2426658374378405,5.234257472169415,154.29601738574507,133.3589874970674,134.43917016560002,4.874280910161989
2022-06-14,2022-06-14,133.1300048828125,133.88999938964844,131.47999572753906,132.75999450683594,132.3562774658203,84784300,0.0074307692307692234,141.03143092564173,143.1885025024414,3.802663445519471,5.767158668123018,154.72281983868743,131.65418516619536,133.31971972642395,4.880982044178704
2022-06-15,2022-06-15,134.2899932861328,137.33999633789062,132.16000366210938,135.42999267578125,135.01815795898438,91533000,-0.05232857142857143,139.50142996651786,142.49800186157228,4.213174252344771,5.830862654177063,154.1597271699264,130.83627655321814,134.7265683593288,4.901043562982646
2022-06-16,2022-06-16,132.0800018310547,132.38999938964844,129.0399932861328,130.05999755859375,129.66448974609375,108123900,-0.15180833333333332,136.83714294433594,141.96000137329102,4.441998469891615,6.456655568242253,154.87331250977553,129.0466902368065,131.61552115883876,4.860277393590862
2022-06-17,2022-06-17,130.07000732421875,133.0800018310547,129.80999755859375,131.55999755859375,131.15992736816406,134520300,0.04565,134.4942844935826,141.6705009460449,4.967976768573209,6.795166371930976,155.26083368990686,128.08016820218296,131.5785054253421,4.8718328725163005
2022-06-21,2022-06-21,133.4199981689453,137.05999755859375,133.32000732421875,135.8699951171875,135.45681762695312,81000500,0.20417999999999997,133.52714102608817,141.58450088500976,5.144308980144984,6.860101519218474,155.3047039234467,127.86429784657281,134.43949855323902,4.904311315324921
2022-06-22,2022-06-22,134.7899932861328,137.75999450683594,133.91000366210938,135.35000610351562,134.93841552734375,73409200,0.35068,133.2728554861886,141.19650115966797,5.002470368567714,6.987544423196847,155.17159000606168,127.22141231327429,135.04650358675676,4.900448380491463
2022-06-23,2022-06-23,136.82000732421875,138.58999633789062,135.6300048828125,138.27000427246094,137.8495330810547,72433800,0.1758833333333333,134.18571254185267,141.09200134277344,4.744703411666677,7.01628185716339,155.12456505710023,127.05943762844666,137.1955040438929,4.921949820388074
2022-06-24,2022-06-24,139.89999389648438,141.91000366210938,139.77000427246094,141.66000366210938,141.22923278808594,89116800,0.2124375,135.45714242117745,141.14900131225585,4.282469871102194,7.016021053124914,155.18104341850568,127.11695920600602,140.1718371227039,4.946345656915058
2022-06-27,2022-06-27,142.6999969482422,143.49000549316406,140.97000122070312,141.66000366210938,141.22923278808594,70207900,0.274175,136.3471439906529,141.0430015563965,3.4608054014019274,6.990146198701057,155.0232939537986,127.06270915899438,141.1639481489742,4.946345656915058
2022-06-28,2022-06-28,142.1300048828125,143.4199981689453,137.32000732421875,137.44000244140625,137.02206420898438,67083400,0.1186625,137.40143040248327,140.43300170898436,2.5408582624210965,6.727836784998108,153.88867527898057,126.97732813898814,138.68131767726223,4.9158849754440705
2022-06-29,2022-06-29,137.4600067138672,140.6699981689453,136.6699981689453,139.22999572753906,138.80661010742188,66242400,0.34570000000000006,138.4971444266183,139.9525016784668,2.5887524050486093,6.43249983091734,152.81750134030148,127.08750201663213,139.04710304411344,4.9289189335679175
2022-06-30,2022-06-30,137.25,138.3699951171875,133.77000427246094,136.72000122070312,136.3042449951172,98964500,0.19192307692307692,138.61857386997767,139.3530014038086,2.4633287847265137,6.124717740427959,151.6024368846645,127.10356592295268,137.49570182850655,4.910593948910305
2022-07-01,2022-07-01,136.0399932861328,139.0399932861328,135.66000366210938,138.92999267578125,138.50750732421875,71051600,0.05685,139.1300005231585,138.7390007019043,2.680808441563272,5.452095709188051,149.64319212028042,127.8348092835282,138.45189572668968,4.926746256986443
2022-07-05,2022-07-05,137.77000427246094,141.61000061035156,136.92999267578125,141.55999755859375,141.12953186035156,73353800,-0.5303666666666667,139.5999995640346,138.54800033569336,2.7822421484442543,5.271108286327125,149.0902169083476,128.00578376303912,140.52396361462573,4.945634426509702
2022-07-06,2022-07-06,141.35000610351562,144.1199951171875,141.0800018310547,142.9199981689453,142.48538208007812,74064300,-0.04756315789473684,139.77999877929688,138.3870002746582,2.4231686571761486,5.072446538242195,148.53189335114257,128.2421071981738,142.12131998417212,4.955263505659249
2022-07-07,2022-07-07,143.2899932861328,146.5500030517578,143.27999877929688,146.35000610351562,145.90496826171875,66253700,0.22038571428571427,140.4499991280692,138.2690002441406,2.087735648052586,4.841873732160885,147.9527477084624,128.58525277981883,144.94044406373447,4.979144668996736
2022-07-08,2022-07-08,145.25999450683594,147.5500030517578,145.0,147.0399932861328,146.5928497314453,64547800,-0.020583333333333325,141.82142639160156,138.2229995727539,1.5840451592808051,4.748426192665446,147.7198519580848,128.726147187423,146.34014354533338,4.983880510814639
2022-07-11,2022-07-11,145.6699981689453,146.63999938964844,143.77999877929688,144.8699951171875,144.42945861816406,63141600,0.018979999999999997,142.62714059012276,138.33449935913086,0.9678308098084472,4.881908024180855,148.09831540749258,128.57068331076914,145.36004459323613,4.9689100801098816
2022-07-12,2022-07-12,145.75999450683594,148.4499969482422,145.0500030517578,145.86000061035156,145.41644287109375,77588800,0.26085833333333336,143.93285478864397,138.7709991455078,0.524383705928301,5.151388234167015,149.07377561384183,128.46822267717377,145.69334860464642,4.975767762980569
2022-07-13,2022-07-13,142.99000549316406,146.4499969482422,142.1199951171875,145.49000549316406,145.04757690429688,71185600,0.32554285714285713,144.8699994768415,139.45149917602538,0.5708625307945852,5.09177278911692,149.6350447542592,129.26795359779155,145.55778653032485,4.973210339023126
2022-07-14,2022-07-14,144.0800018310547,148.9499969482422,143.25,148.47000122070312,148.01852416992188,78140700,0.07238571428571429,145.85714285714286,140.23699951171875,0.6823107709808198,5.215431462337378,150.6678624363935,129.806136587044,147.49926299057702,4.993624773540486
2022-07-15,2022-07-15,149.77999877929688,150.86000061035156,148.1999969482422,150.1699981689453,149.7133331298828,76259900,0.004093750000000011,146.89285714285714,140.97399978637696,0.06088375177401417,5.532238249499272,152.0384762853755,129.90952328737842,149.2797531094892,5.005086582890886
2022-07-18,2022-07-18,150.74000549316406,151.57000732421875,146.6999969482422,147.07000732421875,146.62278747558594,81420900,0.07845862068965517,146.99571446010046,141.8245002746582,-0.7995610015864543,5.052807362443378,151.93011499954494,131.71888554977144,147.80658925264223,4.984086009004559
2022-07-19,2022-07-19,147.9199981689453,151.22999572753906,146.91000366210938,151.0,150.5408172607422,82982400,0.03633157894736844,147.5614297049386,142.7965003967285,-0.7814522579900824,4.839641553999905,152.47578350472833,133.11721728872868,149.93552975088073,5.0106352940962555
2022-07-20,2022-07-20,151.1199951171875,153.72000122070312,150.3699951171875,153.0399932861328,152.57461547851562,64823400,0.06406363636363638,148.72857230050224,143.65500030517578,-1.0644559022049407,5.063973405520445,153.78294711621666,133.5270534941349,152.00517210771545,5.024143599962489
2022-07-21,2022-07-21,154.5,155.57000732421875,151.94000244140625,155.35000610351562,154.87759399414062,65086600,0.09301,150.08428737095423,144.65500030517578,-1.6010601927754635,5.306564645091443,155.26812959535866,134.0418710149929,154.2350614382489,5.039222790491515
2022-07-22,2022-07-22,155.38999938964844,156.27999877929688,153.41000366210938,154.08999633789062,153.6214141845703,66675400,0.08981538461538463,151.31285749162947,145.44599990844728,-2.223801332798786,5.480925328475746,156.40785056539877,134.48414925149578,154.13835137134336,5.031025959822705
2022-07-25,2022-07-25,154.00999450683594,155.0399932861328,152.27999877929688,152.9499969482422,152.48489379882812,53623900,0.28524000000000005,151.9528568812779,146.0104995727539,-2.5733122861877007,5.6492818045917605,157.30906318193743,134.71193596357037,153.3461150892759,5.023551499278842
2022-07-26,2022-07-26,152.25999450683594,153.08999633789062,150.8000030517578,151.60000610351562,151.1389923095703,55138700,-0.0063,152.15714372907365,146.50749969482422,-2.660668467197553,5.683535312907571,157.87457032063935,135.1404290690091,152.1820424321024,5.014627355893785
2022-07-27,2022-07-27,152.5800018310547,157.3300018310547,152.16000366210938,156.7899932861328,156.31320190429688,78620700,0.2504409090909091,153.54571315220423,147.47499923706056,-2.371098500899677,5.70566643618107,158.8863321094227,136.0636663646984,155.25400966812268,5.048508903428713
2022-07-28,2022-07-28,156.97999572753906,157.63999938964844,154.41000366210938,157.35000610351562,156.87152099609375,81378700,0.049437500000000016,154.4528568812779,148.38099975585936,-2.7046689699576802,5.765856393585426,159.9127125430302,136.84928696868852,156.6513406250513,5.052097122941365
2022-07-29,2022-07-29,161.24000549316406,163.6300048828125,159.5,162.50999450683594,162.01580810546875,101786900,0.16737619047619048,155.8057141985212,149.670499420166,-3.2041389878717155,5.902944480372445,161.4763883809109,137.86461045942113,160.55710987957437,5.084567026239127
2022-08-01,2022-08-01,161.00999450683594,163.58999633789062,160.88999938964844,161.50999450683594,161.0188446044922,67829400,0.23884615384615385,156.68571254185267,150.79949951171875,-3.5831622121696114,5.8999226215953,162.59934475490934,138.99965426852816,161.19236629774875,5.078356211701937
2022-08-02,2022-08-02,160.10000610351562,162.41000366210938,159.6300048828125,160.00999450683594,159.52340698242188,59907000,-0.011200000000000007,157.53142656598772,151.72199935913085,-3.8046988708005074,5.821093016459543,163.36418539204993,140.07981332621176,160.40411843714023,5.068967058778276
2022-08-03,2022-08-03,160.83999633789062,166.58999633789062,160.75,166.1300048828125,165.62481689453125,82507500,0.020869999999999993,159.4142848423549,152.88249969482422,-3.5964453710975874,6.270220057645684,165.4229398101156,140.34205957953284,164.2213760675884,5.106733072044403
2022-08-04,2022-08-04,166.00999450683594,167.19000244140625,164.42999267578125,165.80999755859375,165.3057861328125,55474100,0.1843777777777778,161.44428362165178,153.85549926757812,-4.151102247867641,6.6984275333859795,167.2523543343501,140.45864420080616,165.28045706159196,5.104793280432629
2022-08-05,2022-08-05,163.2100067138672,165.85000610351562,163.0,165.35000610351562,165.076171875,56697000,-0.27564,162.6671425955636,154.77099990844727,-4.143941727833578,6.9638896954976675,168.6987792994426,140.84322051745193,165.32682308954108,5.10199833724753
2022-08-08,2022-08-08,166.3699951171875,167.80999755859375,164.1999969482422,164.8699951171875,164.59695434570312,60276900,0.0215526315789474,163.7414267403739,155.77099990844727,-4.588428202224435,6.903009421830497,169.57701875210824,141.9649810647863,165.02227110797205,5.099073400761266
2022-08-09,2022-08-09,164.02000427246094,165.82000732421875,163.25,164.9199981689453,164.64686584472656,63135500,-0.07829411764705882,164.08571297781808,156.72399978637696,-4.5362358444097595,6.777250370936436,170.27850052824982,143.1694990445041,164.9540891486209,5.099378492760228
2022-08-10,2022-08-10,167.67999267578125,169.33999633789062,166.89999389648438,169.24000549316406,168.95973205566406,70170500,0.09057777777777777,165.19000026157923,157.91149978637696,-4.676467637969296,6.785960643661762,171.4834210737005,144.33957849905343,167.8113667116497,5.125391564045205
2022-08-11,2022-08-11,170.05999755859375,170.99000549316406,168.19000244140625,168.49000549316406,168.21096801757812,57149200,0.11088400000000002,166.40143040248327,158.9125,-5.136975005115374,6.796511622878964,172.50552324575793,145.31947675424206,168.26379256599262,5.120923680787346
2022-08-12,2022-08-12,169.82000732421875,172.1699981689453,169.39999389648438,172.10000610351562,171.8149871826172,68039400,0.14527500000000002,167.25428771972656,160.0090003967285,-5.152792956709817,7.075128978264223,174.15925835325694,145.85874244020007,170.82126825767463,5.14224821657036
2022-08-15,2022-08-15,171.52000427246094,173.38999938964844,171.35000610351562,173.19000244140625,172.90318298339844,54091700,0.12017692307692308,168.30857413155692,161.31500015258788,-5.261279277809251,6.97099297105576,175.2569860946994,147.37301421047636,172.40042438016238,5.1485985324766546
2022-08-16,2022-08-16,172.77999877929688,173.7100067138672,171.66000366210938,173.02999877929688,172.74343872070312,56377100,0.08357499999999998,169.4057159423828,162.41650009155273,-5.472984198273338,6.99577330819264,176.408046707938,148.42495347516746,172.82014064625204,5.147668873113075
2022-08-17,2022-08-17,172.77000427246094,176.14999389648438,172.57000732421875,174.5500030517578,174.26092529296875,79542000,0.08640606060606061,170.78857421875,163.49200057983398,-5.459500153317691,7.130531196054258,177.7530629719425,149.23093818772546,173.97338224992257,5.15646575989211
2022-08-18,2022-08-18,173.75,174.89999389648438,173.1199951171875,174.14999389648438,173.86158752441406,62290100,0.08670000000000003,172.10714503696985,164.43199996948243,-5.546833200167384,7.239052707926936,178.9101053853363,149.95389455362857,174.09112334763043,5.1541582355985565
2022-08-19,2022-08-19,173.02999877929688,173.74000549316406,171.30999755859375,171.52000427246094,171.23594665527344,70346300,0.030705555555555573,172.43285914829798,165.30350036621093,-5.6315310517494765,6.972752628353393,179.2490056229177,151.35799510950415,172.37704396418408,5.138852616952492
2022-08-22,2022-08-22,169.69000244140625,169.86000061035156,167.13999938964844,167.57000732421875,167.29249572753906,69026800,0.10636470588235293,172.30143083844865,166.03450088500978,-5.429667474623557,6.347842886952475,178.73018665891473,153.33881511110482,169.17235287087385,5.115415685459831
2022-08-23,2022-08-23,167.0800018310547,168.7100067138672,166.64999389648438,167.22999572753906,166.9530487060547,54147100,0.053661111111111125,171.60571507045202,166.81600036621094,-4.857442675834591,5.362966660202438,177.5419336866158,156.09006704580608,167.87744810865067,5.113372345845263
2022-08-24,2022-08-24,167.32000732421875,168.11000061035156,166.25,167.52999877929688,167.25254821777344,53841500,0.10855454545454547,170.7971431187221,167.35300064086914,-4.366755072125159,4.81602809942664,176.98505683972243,157.72094444201585,167.64581522241483,5.11517546603995
2022-08-25,2022-08-25,168.77999877929688,170.13999938964844,168.35000610351562,170.02999877929688,169.7484130859375,51218200,0.11515555555555552,170.36857169015067,167.98700027465821,-3.9695854420995715,4.228697168040033,176.44439461073827,159.52960593857816,169.23527092700286,5.130076206740273
2022-08-26,2022-08-26,170.57000732421875,171.0500030517578,163.55999755859375,163.6199951171875,163.34901428222656,78961000,0.13641000000000003,168.80714198521204,168.0425003051758,-4.349131226347225,4.159752344840248,176.36200499485628,159.7229956154953,165.4917537204593,5.091416160753787
2022-08-29,2022-08-29,161.14999389648438,162.89999389648438,159.82000732421875,161.3800048828125,161.1127471923828,73314000,0.22006428571428574,166.98285784040178,168.0360008239746,-3.392828197257188,4.170583830265854,176.3771684845063,159.6948331634429,162.75058782869476,5.077546029824153
2022-08-30,2022-08-30,162.1300048828125,162.55999755859375,157.72000122070312,158.91000366210938,158.64683532714844,77906200,0.25402307692307696,165.18142918178015,167.9810012817383,-2.9360359935703855,4.287608633105424,176.55621854794913,159.40578401552744,160.1901983843045,5.062025273669669
2022-08-31,2022-08-31,160.30999755859375,160.5800018310547,157.13999938964844,157.22000122070312,156.95962524414062,87991100,0.006100000000000001,163.7028568812779,167.5355010986328,-2.4265706763820276,4.908058327650353,177.3516177539335,157.7193844433321,158.2100669419036,5.051265277996151
2022-09-01,2022-09-01,156.63999938964844,158.4199981689453,154.6699981689453,157.9600067138672,157.6984100341797,74229900,0.0006736842105263234,162.37857273646765,167.14300155639648,-1.4155470188164543,5.34751937984045,177.83804031607738,156.4479627967156,158.04336012321266,5.0559910385914355
2022-09-02,2022-09-02,159.75,160.36000061035156,154.97000122070312,155.80999755859375,155.5519561767578,76957800,0.059899999999999995,160.70428684779577,166.6660011291504,-1.2299816303921887,5.9116070733587245,178.48921527586785,154.84278698243295,156.55445174680005,5.042198542782034
2022-09-06,2022-09-06,156.47000122070312,157.08999633789062,153.69000244140625,154.52999877929688,154.27407836914062,73714800,0.20568999999999998,158.49000113351005,166.14900131225585,-0.7056785993489427,6.499821879475148,179.14864507120615,153.14935755330555,155.20481643513128,5.033895979719898
2022-09-07,2022-09-07,154.82000732421875,156.6699981689453,153.61000061035156,155.9600067138672,155.70172119140625,87449600,-0.0046937499999999965,157.39571707589286,165.70100173950195,0.0508054899005117,6.886283447584857,179.47356863467166,151.92843484433223,155.70827662095522,5.0431670624251925
2022-09-08,2022-09-08,154.63999938964844,156.36000061035156,152.67999267578125,154.4600067138672,154.20420837402344,84923800,-0.009110526315789472,156.40714590890067,164.9620018005371,0.5724873363955112,7.268932080006655,179.4998659605504,150.4241376405238,154.87609668289653,5.033439990499467
2022-09-09,2022-09-09,155.47000122070312,157.82000732421875,154.75,157.3699951171875,157.109375,68028800,0.07987272727272728,156.18714468819755,164.40600128173827,1.060499268480811,7.408810977755111,179.2236232372485,149.58837932622805,156.53869563909052,5.0522249626294
2022-09-12,2022-09-12,159.58999633789062,164.25999450683594,159.3000030517578,163.42999267578125,163.15933227539062,104956000,0.20057083333333328,157.07428632463728,163.97250061035157,1.2674549996432063,7.185202439874168,178.3429054900999,149.60209573060325,161.13289366355102,5.090247094639764
2022-09-13,2022-09-13,159.89999389648438,160.5399932861328,153.3699951171875,153.83999633789062,153.58522033691406,122656600,0.14533333333333334,156.4857134137835,163.00500030517577,0.700854475739618,7.181480986219207,177.3679622776142,148.64203833273734,156.27096211311076,5.029391598618287
2022-09-14,2022-09-14,154.7899932861328,157.10000610351562,153.61000061035156,155.30999755859375,155.0527801513672,87965400,0.1573933333333333,156.4142848423549,162.11900024414064,1.074932859795581,6.969528658282557,176.05805756070575,148.17994292757552,155.63031907676609,5.038963550261674
2022-09-15,2022-09-15,154.64999389648438,155.24000549316406,151.3800048828125,152.3699951171875,152.11764526367188,90481100,0.17547647058823532,156.105712890625,161.0099998474121,1.1654506495226258,6.644459097296587,174.29891804200528,147.72108165281892,153.45676977038036,5.019727138517008
2022-09-16,2022-09-16,151.2100067138672,151.35000610351562,148.3699951171875,150.6999969482422,150.45042419433594,162278800,0.1714111111111111,155.35428292410714,159.8375,1.602629993062493,6.261702709180048,172.3609054183601,147.31409458163992,151.61892122228824,5.008633271039758
2022-09-19,2022-09-19,149.30999755859375,154.55999755859375,149.10000610351562,154.47999572753906,154.22415161132812,81474200,0.15975,155.35713849748885,158.9854995727539,2.4933827672882103,5.724707976637277,170.43491552602845,147.53608361947934,153.52630422578878,5.033570237541502
2022-09-20,2022-09-20,153.39999389648438,158.0800018310547,153.0800018310547,156.89999389648438,156.64015197753906,107689800,0.056175,155.28999546595983,158.45199890136718,2.7717976535099638,5.36870291205918,169.18940472548553,147.71459307724882,155.77543067291916,5.049214736913534
2022-09-21,2022-09-21,157.33999633789062,158.74000549316406,153.60000610351562,153.72000122070312,153.46542358398438,101696800,0.05322000000000001,153.9028538295201,157.7764991760254,2.156518340667077,5.0463588978479095,167.86921697172122,147.68378138032958,154.4051443714418,5.028606187410571
2022-09-22,2022-09-22,152.3800048828125,154.47000122070312,150.91000366210938,152.74000549316406,152.48704528808594,86652500,0.2232166666666667,153.74571228027344,157.03699951171876,2.2991160177198537,4.606330560550529,166.24966063281983,147.8243383906177,153.2950517859233,5.022168566111088
2022-09-23,2022-09-23,151.19000244140625,151.47000122070312,148.55999755859375,150.42999267578125,150.1808624267578,96029900,0.0189,153.04856872558594,156.05699920654297,2.4007049004175087,3.6904844984173226,163.4379682033776,148.67603020970833,151.38501237916194,5.006828006738921
2022-09-26,2022-09-26,149.66000366210938,153.77000427246094,149.63999938964844,150.77000427246094,150.5203094482422,93339400,0.2898,152.81999860491072,155.41449966430665,2.704848261399661,3.412601537962782,162.23970274023222,148.58929658838107,150.9750069746946,5.009100812531118
2022-09-27,2022-09-27,152.74000549316406,154.72000122070312,149.9499969482422,151.75999450683594,151.5086669921875,84442700,0.2561636363636363,152.97142682756697,154.93349914550782,2.5244484921329615,3.198783167767606,161.33106548104303,148.53593280997262,151.49833199612215,5.015689131962452
2022-09-28,2022-09-28,147.63999938964844,150.63999938964844,144.83999633789062,149.83999633789062,149.5918426513672,146691400,-0.04237402597402596,152.3085697719029,154.47999877929686,2.985567017845767,3.2479142486983124,160.97582727669348,147.98417028190025,150.39277489063446,5.002871878874085
2022-09-29,2022-09-29,146.10000610351562,146.72000122070312,140.67999267578125,142.47999572753906,142.24403381347656,128138200,0.01859375,150.24857003348214,153.74299850463868,3.0296266621311645,4.142584142253839,162.02816678914635,145.457830220131,145.11758878190417,4.952158334138941
